k/beta,P(k/beta)
0.01,6.9565405311653e-05
0.010069386314760276,7.102235911793087e-05
0.010139254075588154,7.250981004697796e-05
0.010209606623060466,7.402839587684563e-05
0.010280447320933092,7.55787677024807e-05
0.010351779556301762,7.716159021305028e-05
0.010423606739764018,7.877754197584926e-05
0.010495932305582278,8.042731572194339e-05
0.01056875971184804,8.211161864603237e-05
0.010642092440647241,8.383117270421889e-05
0.010715933998226712,8.558671492211805e-05
0.010790287915161841,8.737899770850169e-05
0.010865157746525383,8.920878917543415e-05
0.010940547072057424,9.107687346506537e-05
0.011016459496336563,9.29840510831514e-05
0.011092898648952227,9.493113923952412e-05
0.011169868184678232,9.69189721955645e-05
0.01124737178364752,9.894840161890178e-05
0.011325413151528114,0.00010102029694542339
0.011403996019700324,0.00010313554574879518
0.011483124145435111,0.00010529505411762274
0.01156280131207376,0.00010749974704038614
0.011643031329208768,0.0001097505687983803
0.011723818032865985,0.00011204848336132324
0.011805165285688049,0.00011439447481820967
0.011887076977119033,0.00011678954776296523
0.011969557023590434,0.00011923472774217313
0.012052609368708425,0.00012173106168499765
0.012136237983442405,0.0001242796183473912
0.01222044686631488,0.0001268814887654606
0.012305240043592616,0.0001295377867182249
0.012390621569479163,0.0001322496491998923
0.012476595526308698,0.000135018236901899
0.012563166024741208,0.00013784473470215808
0.012650337203959031,0.00014073035217798829
0.012738113231864785,0.00014367632410248394
0.012826498305280605,0.00014668391097822273
0.01291549665014884,0.0001497543995684508
0.013005112521734093,0.00015288910344186702
0.01309535020482667,0.00015608936352777097
0.013186214013947485,0.0001593565486872304
0.013277708293554298,0.00016269205628674434
0.013369837418249465,0.00016609731279298547
0.013462605792989104,0.00016957377437518196
0.013556017853293682,0.00017312292752074405
0.013650078065460139,0.00017674628966364987
0.013744790926775373,0.0001804454098256573
0.013840160965731315,0.0001842218692707635
0.013936192742241428,0.00018807728217307124
0.014032890847858725,0.0001920132962984229
0.014130259905995337,0.00019603159369996562
0.014228304572143526,0.00020013389142809176
0.014327029534098309,0.0002043219422535043
0.014426439512181581,0.00020859753541190593
0.014526539259467812,0.00021296249735053082
0.0146273335620113,0.0002174186925033955
0.014728827239075025,0.0002219680240757226
0.014831025143361045,0.00022661243484582832
0.014933932161242525,0.00023135390798335916
0.015037553212997384,0.0002361944678843844
0.01514189325304352,0.00024113618102351763
0.015246957270175738,0.0002461811568235051
0.015352750287804227,0.00025133154854261144
0.015459277364194777,0.00025658955418014876
0.01556654359271062,0.00026195741740050327
0.01567455410205595,0.0002674374284761167
0.015783314056521173,0.00027303192524961404
0.01589282865622978,0.00027874329411542713
0.01600310313738701,0.00028457397102286914
0.016114142772530198,0.0002905264424966492
0.016225952870780873,0.0002966032466759267
0.016338538778098613,0.0003028069743999988
0.016451905877536626,0.00030914027026233325
0.016566059589499145,0.00031560583374021586
0.016681005372000592,0.0003222064203203605
0.01679674872092653,0.0003289448426527811
0.01691329517029648,0.0003358239717282531
0.017030650292528444,0.0003428467380777358
0.017148819698705402,0.00035001613300577217
0.01726780903884356,0.0003573352098298123
0.017387624002162504,0.0003648070851638982
0.017508270317357244,0.0003724349402188299
0.017629753752872058,0.00038022202213056484
0.017752080117176352,0.00038817164531575416
0.017875255259042353,0.0003962871928544905
0.017999285067824763,0.00040457211790139916
0.018124175473742368,0.0004130299451250499
0.018249932448161525,0.00042166427217400895
0.018376562003881713,0.00043047877118589784
0.018504070195423022,0.00043947719030019137
0.018632463119315597,0.00044866335522836265
0.018761746914391204,0.00045804117084249934
0.018891927762076665,0.000467614622798482
0.019023011886689447,0.0004773877791921146
0.01915500555573528,0.00048736479224853273
0.019287915080207777,0.0004975499000458083
0.019421746814890256,0.0005079474282731649
0.019556507158659493,0.0005185617920247227
0.019692202554791725,0.0005293974976278953
0.019828839491270712,0.0005404591445154107
0.019966424501097934,0.0005517514271214619
0.02010496416260498,0.000563279136829376
0.020244465099768037,0.0005750471639517315
0.020384933982524632,0.0005870604997516137
0.02052637752709252,0.0005993242385029119
0.02066880249629082,0.0006118435795986755
0.02081221569986338,0.0006246238296878834
0.02095662399480433,0.000637670404871086
0.021102034285685956,0.0006509888329275178
0.02124845352498883,0.0006645847555938833
0.021395888713434216,0.0006784639308858077
0.021544346900318832,0.0006926322354661968
0.021693835183851845,0.0007070956670607454
0.021844360711494273,0.0007218603469217312
0.021995930680300747,0.0007369325223407733
0.022148552337263594,0.0007523185692117377
0.022302232979659376,0.0007680249946444232
0.02245697995539774,0.0007840584396303766
0.022612800663372783,0.0008004256817615054
0.0227697025538168,0.0008171336379771486
0.022927693128656487,0.0008341893674937077
0.023086779941871687,0.0008516000745356225
0.02324697059985648,0.0008693731113774457
0.023408272761782933,0.0008875159813173774
0.023570694139967277,0.000906036341735406
0.023734242500238662,0.0009249420072116341
0.023898925662310503,0.00094424095270633
0.024064751500154243,0.00096394131680247
0.024231727942375995,0.0009840514050122036
0.024399862972595502,0.0010045796931483892
0.024569164629827903,0.0010255348307621546
0.024739641008868142,0.0010469256446482026
0.024911300260677886,0.0010687611424191072
0.025084150592775398,0.0010910505161459173
0.025258200269627846,0.001113803146084619
0.025433457613046495,0.0011370286044480279
0.025609931002584595,0.0011607366592782415
0.02578762887593801,0.001184937278381296
0.02596655972934871,0.0012096406333395114
0.02614673211801092,0.0012348571036102914
0.026328154656480213,0.0012605972806869247
0.02651083601908539,0.0012868719723617395
0.02669478494034321,0.0013136922070540692
0.02688001021537606,0.0013410692382332687
0.027066520700332414,0.0013690145489225966
0.02725432531281029,0.00139753985629107
0.027443433032283655,0.0014266571163341017
0.027633852900531698,0.0014563785286442284
0.027825594022071243,0.0014867165412738319
0.028018665564591955,0.001517683855691357
0.02821307675939472,0.0015492934318327614
0.028408836901833042,0.0015815584932492306
0.02860595535175742,0.0016144925323563358
0.028804441533962964,0.0016481093157782857
0.029004304938639917,0.0016824228897988366
0.029205555121827466,0.0017174475859152378
0.029408201705870638,0.0017531980264966615
0.029612254379880344,0.0017896891305513758
0.029817722900196717,0.0018269361196028078
0.030024617090855493,0.0018649545236775705
0.03023294684405778,0.0019037601874064712
0.03044272212064303,0.0019433692762409309
0.030653952950565267,0.0019837982827867503
0.03086664943337273,0.002025064033257198
0.031080821738690638,0.0020671836940474296
0.03129648010670752,0.00211017477843516
0.03151363484866479,0.0021540551533882927
0.03173229634734976,0.002198843046550819
0.03195247505759212,0.002244557053286239
0.03217418150676372,0.002291216143909888
0.03239742629528197,0.002338839671032303
0.0326222200971167,0.0023874473770430314
0.03284857366030044,0.0024370594017323584
0.03307649780744241,0.0024876962900549143
0.03330600343624589,0.002539379000036118
0.033537101520029304,0.0025921289108245833
0.033769803108250916,0.002645967830879363
0.03400411932703706,0.002700918006377577
0.03424006137971424,0.0027570021296197448
0.03447764054734464,0.002814243347771683
0.034716868189265615,0.00287266527164849
0.03495775574363275,0.002932291984694991
0.03520031472796679,0.0029931480521270862
0.035444556739704355,0.0030552585302368288
0.0356904934567523,0.0031186489758658485
0.03593813663804628,0.003183345456049388
0.0361874981241128,0.0032493745578336753
0.03643858983763545,0.0033167633982690695
0.03669142378402494,0.0033855396345820114
0.03694601205199302,0.0034557314745280792
0.03720236681413068,0.0035273676869292288
0.03746050032748993,0.0036004776123978797
0.03772042493416997,0.003675091174250266
0.037982153061907366,0.0037512388896127013
0.03824569722466999,0.003828951880722483
0.03851107002325571,0.003908261886427045
0.03877828414589457,0.003989201273884128
0.0390473523688556,0.004071803050465499
0.0393182875570577,0.004156100875865964
0.03959110266468459,0.004242129074428649
0.039865810735804405,0.004329922647669486
0.04014242490499322,0.00441951728703022
0.04042095839796306,0.004510949386843265
0.040701424532194386,0.004604256057519064
0.040983836717572615,0.004699475138957119
0.04126820845702954,0.0047966452141869845
0.04155455334718875,0.0048958056232343014
0.041842885079015804,0.004996996477224098
0.04213321743847289,0.005100258672747816
0.04242556430717777,0.005205633906330932
0.04271993966306779,0.005313164689415784
0.04301635758106795,0.005422894363317106
0.043314832233763985,0.00553486711456297
0.04361537789208006,0.005649127990461587
0.04391800892596086,0.00576572291490519
0.044222739805058996,0.005884698704464471
0.044529585099426554,0.0060061030847208974
0.04483855948021186,0.006129984706853249
0.04514967772036102,0.006256393164497353
0.04546295469532399,0.006385379010873435
0.04577840538376619,0.006516993776276912
0.046096044868284336,0.006651289985607816
0.046415888336127774,0.006788321176427111
0.046737951079924636,0.006928141917166768
0.04706224849841281,0.007070807825647746
0.047388796097176535,0.00721637558788289
0.047717609489387455,0.007364902977172916
0.04804870439655129,0.007516448873469871
0.04838209664925957,0.007671073283083048
0.04871780218794631,0.0078288373586198
0.04905583706365048,0.007989803419275979
0.04939621743878321,0.008154034971392587
0.04973895958790062,0.008321596729361799
0.050084079898482126,0.008492554636689296
0.050431594871713586,0.008666975887643527
0.05078152112327673,0.008844928948933014
0.05113387538414326,0.009026483581854143
0.051488674501374926,0.00921171086469833
0.05184593543892913,0.009400683215484037
0.052205675278469754,0.0095934744150552
0.05256791122018422,0.009790159630244637
0.052932660583605615,0.009990815437875207
0.05329994080844088,0.010195519848540635
0.05366976945540476,0.010404352330996647
0.05404216420705915,0.010617393836817724
0.0544171428686589,0.010834726825363131
0.05479472336900287,0.011056435289077621
0.05517492376129126,0.01128260477911422
0.055557762223988776,0.01151332243128897
0.05594325706169378,0.011748676992345093
0.05633142670601355,0.011988758846561219
0.05672228971644543,0.012233660042671107
0.05711586478126432,0.01248347432111735
0.057512170718416133,0.012738297141622884
0.05791122647641758,0.012998225711088586
0.058313051135262216,0.013263359011812824
0.05871766390733255,0.013533797830030938
0.05912508413831878,0.013809644784774788
0.0595353313081437,0.01409100435704938
0.05994842503189409,0.014377982919323665
0.06036438506075867,0.014670688765334733
0.0607832312829723,0.01496923214020178
0.061204983724766994,0.01527372527084633
0.06162966255132942,0.01558428239671528
0.062057288067765004,0.015901019800804404
0.06248788072006891,0.016224055840975835
0.06292146109610344,0.016553510981566828
0.0633580499265825,0.01688950782528426
0.06379766808606283,0.017232171145379168
0.0642403365939419,0.017581627918095005
0.06468607661546327,0.017938007355386462
0.06513490946272803,0.01830144093789731
0.06558685659571432,0.018672062448194884
0.06604193962330306,0.019050008004249386
0.06650018030431118,0.019435416093153225
0.06696160054853222,0.01982842760507191
0.06742622241778343,0.020229185867410474
0.0678940681269611,0.02063783667919651
0.06836516004510239,0.021054528345648017
0.06883952069645496,0.021479411712997203
0.06931717276155408,0.02191264020336094
0.0697981390783066,0.022354369849906335
0.07028244264308349,0.02280475933210514
0.0707701066118189,0.0232639700111514
0.07126115430111746,0.023732165965475387
0.07175560918936928,0.024209514026398225
0.07225349491787214,0.024696183813864417
0.07275483529196229,0.025192347772256898
0.0732596542821523,0.025698181206267073
0.07376797602527731,0.026213862316815578
0.07427982482564918,0.02673957223698938
0.07479522515621821,0.027275495067980993
0.07531420165974372,0.02782181791501451
0.0758367791499719,0.028378730923229338
0.07636298261282241,0.028946427313499425
0.07689283720758314,0.029525103418172778
0.0774263682681127,0.030114958716691866
0.07796360130405233,0.030716195871083776
0.07850456200204509,0.03132902076128257
0.0790492762269642,0.03195364252026254
0.07959777002314986,0.03259027356895015
0.08015006961565405,0.03323912965088468
0.08070620141149504,0.0339004298665966
0.08126619200091946,0.03457439670767189
0.0818300681586739,0.0352612560904662
0.0823978568452852,0.035961237389435394
0.08296958520834907,0.03667457347004597
0.08354528058382867,0.037401500721227755
0.08412497049736119,0.03814225908732625
0.08470868266557402,0.03889709209954302
0.08529644499741025,0.03966624690667441
0.0858882855954625,0.040449974305471904
0.08648423275731722,0.04124852877008351
0.08708431497690725,0.042062168480908595
0.08768856094587427,0.04289115535266327
0.08829699955494091,0.04373575506162537
0.08890965989529158,0.04459623707202228
0.08952657125996397,0.0454728746615271
0.09014776314524918,0.04636594494568376
0.09077326525210223,0.04727572890146422
0.09140310748756232,0.0482025113895527
0.09203731996618221,0.04914658117575545
0.09267593301146879,0.05010823095084005
0.0933189771573324,0.05108775734930613
0.0939664831495469,0.052085460966864984
0.09461848194722002,0.053101646376464744
0.0952750047242729,0.05413662214288191
0.09593608287093142,0.05519070083553509
0.09660174799522646,0.05626419904000928
0.09727203192450537,0.05735743736764003
0.09794696670695395,0.05847074046351557
0.0986265846131282,0.059604437012478875
0.09931091813749796,0.06075885974330076
0.1,0.06193434543068005
0.10069386314760276,0.0631312348954077
0.10139254075588153,0.06434987300210687
0.10209606623060465,0.06559060865479537
0.10280447320933092,0.06685379479005996
0.10351779556301763,0.06813978836778602
0.10423606739764017,0.06944895035929302
0.10495932305582277,0.07078164573285026
0.1056875971184804,0.07213824343639956
0.10642092440647241,0.07351911637744764
0.10715933998226711,0.07492464139996691
0.10790287915161842,0.07635519925823941
0.10865157746525383,0.07781117458751563
0.10940547072057424,0.07929295587137324
0.11016459496336564,0.08080093540568221
0.11092898648952228,0.0823355092590341
0.11169868184678232,0.08389707722954172
0.1124737178364752,0.08548604279787878
0.11325413151528115,0.08710281307642685
0.11403996019700324,0.08874779875446392
0.11483124145435111,0.0904214140391263
0.1156280131207376,0.09212407659223668
0.11643031329208768,0.09385620746265512
0.11723818032865986,0.09561823101415502
0.11805165285688049,0.09741057484863438
0.11887076977119033,0.09923366972455264
0.11969557023590434,0.10108794947044236
0.12052609368708427,0.10297385089336754
0.12136237983442405,0.1048918136821818
0.12220446866314881,0.10684228030546286
0.12305240043592616,0.10882569590395622
0.12390621569479163,0.11084250817740463
0.12476595526308698,0.11289316726562507
0.12563166024741207,0.11497812562366908
0.1265033720395903,0.11709783789092748
0.12738113231864784,0.11925276075406026
0.12826498305280606,0.12144335280355903
0.1291549665014884,0.12367007438383551
0.1300511252173409,0.12593338743667315
0.1309535020482667,0.1282337553378956
0.13186214013947484,0.13057164272710967
0.13277708293554297,0.13294751533037766
0.13369837418249467,0.13536183977566718
0.13462605792989105,0.13781508340095006
0.1355601785329368,0.14030771405478598
0.1365007806546014,0.14284019988926738
0.13744790926775374,0.14541300914517993
0.13840160965731316,0.1480266099292334
0.13936192742241427,0.1506814699832379
0.14032890847858726,0.15337805644509164
0.14130259905995338,0.15611683560142003
0.14228304572143527,0.15889827263180376
0.1432702953409831,0.1617228313443919
0.1442643951218158,0.16459097390283617
0.14526539259467805,0.1675031605444047
0.146273335620113,0.1704598492891642
0.14728827239075026,0.1734614956401331
0.14831025143361043,0.1765085522742837
0.14933932161242525,0.17960146872432267
0.15037553212997376,0.18274069105112073
0.1514189325304352,0.1859266615067462
0.15246957270175737,0.1891598181879866
0.15352750287804226,0.19244059468031507
0.15459277364194776,0.1957694196922204
0.15566543592710613,0.1991467166798406
0.1567455410205595,0.20257290346188295
0.15783314056521172,0.20604839182474105
0.1589282865622978,0.2095735871178071
0.1600310313738701,0.21314888783897654
0.1611414277253019,0.21677468521030574
0.16225952870780871,0.2204513627438287
0.16338538778098613,0.2241792957975503
0.16451905877536624,0.22795885112165712
0.16566059589499144,0.23179038639493973
0.1668100537200059,0.23567424975152695
0.16796748720926533,0.23961077929795171
0.1691329517029648,0.24360030262065568
0.17030650292528443,0.24764313628401918
0.171488196987054,0.25173958531899676
0.1726780903884356,0.25588994270252796
0.17387624002162505,0.2600944888278205
0.1750827031735724,0.2643534909656877
0.17629753752872057,0.2686672027171126
0.1775208011717635,0.2730358634571953
0.17875255259042355,0.27745969777076773
0.17999285067824763,0.2819389148797744
0.18124175473742368,0.2864737080628918
0.18249932448161524,0.29106425406738495
0.18376562003881713,0.295710712513661
0.18504070195423022,0.30041322529282816
0.18632463119315598,0.30517191595761656
0.18761746914391206,0.3099868891066017
0.18891927762076663,0.3148582297630918
0.19023011886689448,0.3197860027478488
0.1915500555573528,0.3247702520469782
0.19287915080207776,0.32981100017509674
0.19421746814890253,0.3349082475341938
0.19556507158659492,0.3400619717688672
0.19692202554791724,0.3452721271183104
0.19828839491270714,0.35053864376563976
0.19966424501097935,0.35586142718516034
0.2010496416260498,0.36124035748815436
0.2024446509976804,0.3666752887678137
0.2038493398252463,0.3721660484439544
0.2052637752709252,0.37771243660822595
0.2066880249629082,0.38331422537046245
0.20812215699863382,0.3889711582069988
0.2095662399480433,0.3946829493115816
0.21102034285685956,0.40044928294977183
0.21248453524988828,0.4062698128175925
0.21395888713434216,0.41214416140522386
0.21544346900318834,0.418071919366724
0.21693835183851842,0.42405264489648736
0.21844360711494273,0.4300858631135126
0.2199593068030075,0.4361710654543131
0.22148552337263594,0.44230770907545713
0.22302232979659375,0.4484952162667304
0.2245697995539774,0.454732973875916
0.22612800663372784,0.46102033274617654
0.227697025538168,0.4673566071671758
0.22927693128656498,0.4737410743408966
0.23086779941871685,0.48017297386333796
0.23246970599856479,0.4866515072230649
0.2340827276178293,0.49317583731810055
0.23570694139967277,0.4997450879913366
0.23734242500238675,0.5063583435871585
0.2389892566231049,0.5130146485289292
0.2406475150015424,0.5197130069193656
0.24231727942375994,0.5264523821647569
0.243998629725955,0.533231696624226
0.24569164629827914,0.5400498312851891
0.2473964100886813,0.5469056254662876
0.24911300260677885,0.5537978765489457
0.250841505927754,0.5607253397387626
0.25258200269627845,0.5676867278579383
0.25433457613046495,0.5746807111699689
0.2560993100258458,0.5817059172377163
0.25787628875938007,0.5887609308161295
0.2596655972934871,0.5958442937806938
0.26146732118010924,0.6029545050928603
0.2632815465648021,0.6100900208035215
0.26510836019085376,0.6172492540956526
0.2669478494034321,0.6244305753672955
0.2688001021537606,0.6316323123558591
0.27066520700332414,0.6388527503048453
0.2725432531281029,0.6460901321740035
0.2744343303228364,0.6533426588938835
0.27633852900531697,0.6606084896657641
0.2782559402207124,0.6678857423078399
0.28018665564591955,0.6751724936484608
0.28213076759394723,0.6824667799675331
0.2840883690183303,0.6897665974863688
0.28605955351757417,0.6970699029071791
0.28804441533962966,0.7043746140026078
0.2900430493863992,0.7116786102559958
0.29205555121827464,0.7189797335529241
0.29408201705870624,0.7262757889245031
0.29612254379880343,0.7335645453428514
0.2981772290019672,0.7408437365691174
0.30024617090855493,0.7481110620542861
0.3023294684405778,0.7553641878930144
0.3044272212064303,0.7626007478306291
0.30653952950565266,0.7698183443232988
0.3086664943337273,0.777014549651358
0.3108082173869064,0.7841869070856979
0.3129648010670752,0.7913329321069755
0.31513634848664795,0.7984501136773641
0.31732296347349764,0.8055359155644822
0.31952475057592117,0.8125877777169702
0.32174181506763716,0.8196031176911996
0.3239742629528197,0.8265793321284317
0.326222200971167,0.8335137982816094
0.32848573660300434,0.8404038755910188
0.33076497807442407,0.8472469073077571
0.33306003436245885,0.854040222164005
0.33537101520029305,0.8607811360889764
0.3376980310825091,0.8674669539691325
0.34004119327037063,0.8740949714514769
0.3424006137971424,0.8806624767883905
0.3447764054734464,0.8871667527224102
0.34716868189265615,0.8936050784093459
0.3495775574363275,0.8999747313779417
0.3520031472796679,0.9062729895242452
0.35444556739704336,0.9124971331387165
0.356904934567523,0.9186444469640459
0.35938136638046275,0.9247122222815378
0.36187498124112805,0.9306977590237905
0.36438589837635443,0.9365983679114754
0.36691423784024924,0.9424113726116731
0.36946012051993027,0.9481341119153517
0.3720236681413068,0.9537639419315356
0.3746050032748993,0.9592982382952785
0.37720424934169977,0.9647343983870534
0.3798215306190734,0.9700698435605345
0.3824569722466999,0.9753020213760712
0.38511070023255706,0.980428407836991
0.38778284145894576,0.9854465096257157
0.390473523688556,0.9903538663367171
0.3931828755705768,0.9951480527034455
0.39591102664684585,0.9998266808158622
0.3986581073580441,1.0043874023258321
0.4014242490499322,1.008827910637004
0.4042095839796308,1.013145943076196
0.4070142453219437,1.0173392830430437
0.40983836717572614,1.021405762129465
0.41268208457029537,1.0253432622434016
0.41554553347188755,1.0291497176206788
0.41842885079015824,1.0328231169103046
0.4213321743847287,1.0363615051415829
0.4242556430717777,1.039762985683119
0.4271993966306779,1.0430257221529404
0.4301635758106795,1.0461479402820224
0.43314832233764006,1.0491279297285159
0.4361537789208004,1.0519640458393904
0.4391800892596086,1.0546547113569655
0.4422273980505899,1.0571984180674954
0.44529585099426555,1.0595937283888852
0.44838559480211887,1.0618392768951845
0.45149677720361,1.0639337717752
0.4546295469532399,1.0658759962227253
0.45778405383766185,1.0676648097561499
0.46096044868284336,1.0692991494651476
0.464158883361278,1.0707780311822999
0.4673795107992461,1.0721005505775767
0.4706224849841282,1.0732658841739477
0.47388796097176533,1.074273290282222
0.4771760948938746,1.07512210985335
0.48048704396551317,1.0758117672469771
0.4838209664925955,1.0763417709145493
0.4871780218794631,1.0767117139959328
0.4905583706365048,1.0769212748284458
0.4939621743878321,1.0769702173671332
0.4973895958790065,1.0768583915158483
0.500840798984821,1.0765857333681528
0.5043159487171359,1.0761522653576971
0.5078152112327673,1.0755580963177533
0.5113387538414326,1.0748034214496387
0.5148867450137495,1.0738885221999896
0.518459354389291,1.0728137660471646
0.5220567527846975,1.071579606196812
0.5256791122018422,1.070186581187304
0.5293266058360562,1.0686353144052372
0.532999408084409,1.0669265135122816
0.5366976945540476,1.0650609697837667
0.5404216420705915,1.0630395573603595
0.5441714286865891,1.0608632324137695
0.5479472336900287,1.0585330322282072
0.5517492376129126,1.0560500741985706
0.5555776222398878,1.0534155547473198
0.5594325706169377,1.0506307481616557
0.5633142670601354,1.0476970053529184
0.5672228971644544,1.0446157525401656
0.5711586478126432,1.0413884898600347
0.5751217071841613,1.0380167899051282
0.5791122647641759,1.0345022961933563
0.5831305113526222,1.030846721570445
0.5871766390733255,1.027051846548531
0.5912508413831878,1.0231195175828982
0.595353313081437,1.0190516452904275
0.5994842503189409,1.0148502026115298
0.6036438506075867,1.010517222919339
0.6078323128297229,1.0060547980785075
0.6120498372476699,1.001465076457046
0.6162966255132942,0.9967502608937944
0.62057288067765,0.99191260662507
0.6248788072006891,0.9869544191733953
0.6292146109610344,0.9818780522013211
0.633580499265825,0.9766859053341092
0.6379766808606282,0.9713804219538303
0.642403365939419,0.9659640869685244
0.6468607661546324,0.9604394245594228
0.6513490946272803,0.9548089959098707
0.6558685659571432,0.949075396918456
0.6604193962330305,0.943241255900367
0.6650018030431118,0.9373092312796697
0.6696160054853219,0.9312820092757764
0.6742622241778342,0.9251623015871407
0.6789406812696109,0.9189528430755605
0.6836516004510238,0.912656389454053
0.6883952069645496,0.9062757149810049
0.6931717276155404,0.8998136101637801
0.697981390783066,0.8932728794748013
0.7028244264308349,0.8866563390824473
0.707701066118189,0.8799668146004759
0.7126115430111746,0.8732071388572691
0.7175560918936925,0.8663801496886974
0.7225349491787214,0.8594886877565285
0.7275483529196228,0.8525355943949338
0.732596542821523,0.8455237094876473
0.7376797602527735,0.8384558693774927
0.7427982482564914,0.8313349048112761
0.7479522515621821,0.8241636389208022
0.7531420165974372,0.8169448852438329
0.7583677914997191,0.809681445785119
0.7636298261282246,0.802376109119975
0.768928372075831,0.7950316485423532
0.774263682681127,0.7876508202585193
0.7796360130405233,0.7802363616277512
0.785045620020451,0.7727909894519809
0.7904927622696425,0.7653173983147746
0.7959777002314982,0.7578182589714302
0.8015006961565405,0.7502962167912434
0.8070620141149504,0.7427538902521612
0.8126619200091946,0.7351938694895823
0.8183006815867394,0.727618714899117
0.8239785684528516,0.7200309557951735
0.8296958520834906,0.7124330891240556
0.8354528058382867,0.7048275782336311
0.8412497049736118,0.6972168516994133
0.8470868266557406,0.6896033022067539
0.8529644499741021,0.6819892854900227
0.858882855954625,0.67437711932825
0.8648423275731723,0.6667690825974696
0.8708431497690724,0.6591674143797301
0.876885609458743,0.6515743131283557
0.8829699955494087,0.6439919358890074
0.8890965989529158,0.636422397576663
0.8952657125996396,0.6288677703077581
0.9014776314524917,0.62133008278689
0.9077326525210229,0.6138113197475906
0.9140310748756227,0.6063134214470032
0.9203731996618221,0.5988382832122765
0.9267593301146878,0.5913877550403953
0.9331897715733238,0.5839636412475645
0.9396648314954695,0.576567700170384
0.9461848194721997,0.5692016439149434
0.952750047242729,0.5618671381552948
0.9593608287093142,0.5545658019788184
0.9660174799522646,0.5472992077779901
0.9727203192450542,0.5400688811870284
0.9794696670695395,0.5328763010632447
0.9862658461312821,0.5257228995105281
0.9931091813749796,0.5186100619452689
1.0,0.5115391272019248
1.0069386314760271,0.5045113876789086
1.0139254075588153,0.4975280895215678
1.0209606623060465,0.4905904328424272
1.0280447320933097,0.4836995719765227
1.0351779556301763,0.47685661577164773
1.042360673976401,0.4700626279104033
1.0495932305582276,0.46331862726469775
1.056875971184804,0.45662558828023114
1.0642092440647246,0.44998444138989
1.0715933998226712,0.44339607345480425
1.0790287915161836,0.43686132823170265
1.0865157746525385,0.43038100686576464
1.0940547072057425,0.42395586840639254
1.101645949633657,0.41758663034651844
1.1092898648952227,0.4112739691820424
1.1169868184678227,0.4050185209920566
1.124737178364752,0.3988208820378476
1.1325413151528114,0.39268160937830654
1.140399601970033,0.3866012215030117
1.148312414543511,0.3805801989795804
1.1562801312073754,0.3746189851151064
1.1643031329208768,0.3687179866304795
1.1723818032865985,0.362877574346416
1.1805165285688055,0.35709808387960174
1.1887076977119033,0.35137981634908955
1.1969557023590427,0.34572303909013635
1.2052609368708427,0.34012798637631725
1.2136237983442406,0.3345948601475768
1.2220446866314887,0.3291238307437831
1.2305240043592616,0.32371503764263365
1.2390621569479157,0.31836859020155783
1.2476595526308698,0.31308456840149773
1.2563166024741201,0.30786302359324585
1.265033720395904,0.3027039792441345
1.2738113231864785,0.2976074316851698
1.2826498305280598,0.2925733508574671
1.291549665014884,0.2876016810565008
1.3005112521734086,0.2826923416760558
1.3095350204826677,0.27784522794698835
1.3186214013947486,0.27306021167452293
1.3277708293554291,0.26833714197061453
1.3369837418249466,0.263675845981756
1.3462605792989097,0.25907612961168597
1.355601785329369,0.2545377782382053
1.3650078065460138,0.2500605574241037
1.3744790926775368,0.24564421361965383
1.3840160965731316,0.2412884748590855
1.393619274224142,0.2369930514481472
1.4032890847858732,0.23275763664334015
1.4130259905995337,0.22858190732263692
1.422830457214352,0.2244655246476076
1.432702953409831,0.22040813471728538
1.4426439512181572,0.21640936921243112
1.4526539259467812,0.21246884603181956
1.46273335620113,0.2085861699174795
1.4728827239075017,0.20476093306862905
1.4831025143361045,0.20099271574422228
1.4933932161242518,0.19728108685147827
1.5037553212997383,0.1936256045227178
1.514189325304352,0.19002581668033697
1.5246957270175745,0.1864812615923498
1.5352750287804227,0.1829914684206871
1.545927736419477,0.17955595776351457
1.556654359271062,0.176174242187665
1.567455410205595,0.17284582675233012
1.578331405652118,0.1695702095112955
1.589282865622978,0.16634688199672362
1.6003103137387,0.1631753296784849
1.6114142772530198,0.1600550324065725
1.622595287078087,0.1569854648480013
1.6338538778098621,0.15396609692561053
1.6451905877536626,0.15099639427121112
1.6566059589499136,0.14807581868386732
1.6681005372000592,0.14520382858024505
1.679674872092653,0.14237987940696462
1.6913295170296487,0.13960342400189485
1.7030650292528444,0.1368739128989489
1.714881969870539,0.13419079460406103
1.726780903884356,0.13155351588745212
1.7387624002162505,0.12896152213608802
1.750827031735725,0.12641425778106452
1.7629753752872057,0.12391116676758784
1.775208011717634,0.12145169298310587
1.7875255259042355,0.11903528056241619
1.7999285067824764,0.11666137402689891
1.8124175473742377,0.1143294183011343
1.8249932448161523,0.11203885874788444
1.8376562003881705,0.10978914137409879
1.8504070195423021,0.10757971329588267
1.8632463119315599,0.1054100233903319
1.8761746914391215,0.10327952291737885
1.8891927762076663,0.10118766583281591
1.9023011886689438,0.09913390865562999
1.9155005555735278,0.09711770999800917
1.9287915080207778,0.09513853013408635
1.9421746814890264,0.0931958310451817
1.955650715865949,0.09128907716537382
1.9692202554791716,0.08941773660023511
1.9828839491270713,0.08758128220082417
1.9966424501097935,0.08577919180911664
2.0104964162604992,0.0840109474104942
2.0244465099768036,0.08227603702573717
2.038493398252462,0.08057393671441249
2.052637752709252,0.07890414464314897
2.066880249629082,0.07726614913690721
2.0812215699863392,0.07565944806912894
2.095662399480433,0.07408355070204153
2.110203428568594,0.07253795840645853
2.124845352498883,0.07102219889024759
2.1395888713434217,0.06953578596421063
2.1544346900318843,0.06807823701965621
2.1693835183851844,0.06664907168132772
2.184436071149426,0.06524781650101887
2.1995930680300746,0.0638740088320634
2.214855233726359,0.0625271967099661
2.2302232979659387,0.06120693409283744
2.245697995539774,0.05991277442259618
2.261280066337277,0.0586442674259602
2.27697025538168,0.057400962414219714
2.292769312865649,0.056182416618016255
2.30867799418717,0.05498820261439877
2.324697059985648,0.05381792790608874
2.340827276178292,0.05267112942399582
2.3570694139967276,0.05154745597563973
2.373424250023866,0.05044646909454233
2.38989256623105,0.049367746771114294
2.406475150015424,0.04831087893611208
2.423172794237598,0.0472754788145493
2.43998629725955,0.046261211180785855
2.45691646298279,0.045267620134243264
2.473964100886814,0.04429442180396412
2.4911300260677884,0.043341190569700004
2.5084150592775387,0.042407531616800914
2.525820026962785,0.04149307462471487
2.543345761304648,0.04059748419066777
2.560993100258459,0.03972048902764443
2.578762887593801,0.038861624659781775
2.5966559729348697,0.038020666208912805
2.614673211801092,0.03719719004677528
2.63281546564802,0.03639080720687622
2.651083601908539,0.03560129859141838
2.669478494034321,0.03482830069221993
2.688001021537605,0.034071564455838796
2.7066520700332415,0.03333074398475235
2.7254325312810277,0.03260553802807363
2.7443433032283653,0.03189548978298377
2.76338529005317,0.031200475247460748
2.782559402207126,0.03052012860235012
2.801866556459195,0.029854264039841198
2.8213076759394706,0.029202557400562844
2.840883690183304,0.028564730570763926
2.860595535175742,0.027940316828760803
2.8804441533962977,0.027329255659560753
2.9004304938639915,0.02673121495108008
2.920555512182745,0.026146053426883864
2.9408201705870636,0.025573427467349873
2.9612254379880345,0.025013126733628675
2.9817722900196735,0.024464692085966834
3.002461709085549,0.02392799299235506
3.0232946844057764,0.023402917031119103
3.044272212064303,0.022889276719802433
3.065395295056527,0.022386745337346747
3.0866649433372744,0.021894959500209685
3.108082173869064,0.021413682996944162
3.1296480106707505,0.020942959681964655
3.1513634848664793,0.020482338172645272
3.173229634734976,0.02003193807204698
3.195247505759214,0.019591118745216317
3.2174181506763717,0.019159972418268067
3.2397426295281955,0.018738136665575982
3.26222200971167,0.018325399812992315
3.2848573660300437,0.017921945846512178
3.3076497807442427,0.017527116430884455
3.330600343624589,0.01714102042443349
3.353710152002929,0.016763204044764373
3.3769803108250915,0.016393735065758686
3.400411932703706,0.016032365876967818
3.4240061379714257,0.015678900438204066
3.4477640547344643,0.015333296957277032
3.4716868189265595,0.014995080724396358
3.4957755743632752,0.014664392504468271
3.520031472796679,0.014340995835197656
3.5444556739704356,0.014024669003433394
3.5690493456752295,0.013715413009917299
3.593813663804626,0.013412638160300805
3.6187498124112802,0.013116936731701667
3.6438589837635442,0.012827677883350042
3.669142378402494,0.012544646734095721
3.6946012051993025,0.012267963785465727
3.720236681413066,0.011997129216251956
3.746050032748993,0.011732730938806224
3.7720424934169974,0.011474139988299215
3.798215306190736,0.011220926012407161
3.824569722466999,0.010973382624829497
3.851107002325569,0.01073152178522386
3.8778284145894575,0.01049493566600981
3.90473523688556,0.010263823509455205
3.9318287557057703,0.010037243532259366
3.9591102664684588,0.009815837762026547
3.986581073580439,0.009599647646529874
4.014242490499322,0.00938851514777006
4.042095839796306,0.009181453352859803
4.070142453219439,0.008979277799589668
4.0983836717572615,0.008781235767443385
4.126820845702952,0.008588075848844069
4.155455334718876,0.008399356258985406
4.18428850790158,0.008214287914802613
4.213321743847289,0.00803317882069441
4.242556430717777,0.007856666948205956
4.271993966306777,0.007684246158404184
4.301635758106795,0.007515072589159177
4.331483223376399,0.007349461392146809
4.361537789208006,0.007188237211467833
4.391800892596086,0.007030606059668702
4.422273980505897,0.006875864146923932
4.452958509942655,0.006724553063024782
4.483855948021186,0.006577046950316847
4.514967772036102,0.006433192528838496
4.546295469532399,0.006291936639015894
4.577840538376616,0.00615338555259877
4.609604486828434,0.006018777325279247
4.6415888336127775,0.005887177725627579
4.673795107992464,0.005758065686394878
4.7062248498412815,0.005631360234678761
4.738879609717651,0.005508155964885663
4.771760948938746,0.00538776628267946
4.804870439655129,0.00526998520925176
4.838209664925957,0.00515456035010048
4.871780218794631,0.005041811082884717
4.905583706365046,0.004931601974336719
4.9396217438783205,0.004823303289811155
4.973895958790062,0.004718437847055074
5.008407989848212,0.004615842392292007
5.0431594871713585,0.0045147512531899595
5.078152112327675,0.004416112698414543
5.113387538414326,0.004319856368893553
5.148867450137493,0.004225578670605404
5.184593543892913,0.004132943870702367
5.220567527846975,0.004043402693768846
5.2567911220184245,0.003955611036677107
5.293266058360562,0.003868667268963585
5.329994080844088,0.0037850038847478122
5.366976945540476,0.0037031223554487187
5.404216420705915,0.0036221372360735037
5.441714286865893,0.0035432341044429154
5.479472336900287,0.0034668765567650566
5.517492376129123,0.0033909226467650055
5.555776222398878,0.003317184813707027
5.594325706169378,0.003245855373765802
5.633142670601358,0.0031750652801983657
5.672228971644543,0.00310589458213777
5.711586478126429,0.0030391113859414565
5.751217071841614,0.0029731777319594956
5.7911226476417585,0.002908341120040337
5.831305113526224,0.0028457496142616162
5.871766390733256,0.002784091008095462
5.912508413831875,0.0027235532758421114
5.95353313081437,0.0026649403048161087
5.994842503189409,0.0026077599654002787
6.03643850607587,0.002550644129855926
6.07832312829723,0.002495912912014518
6.120498372476696,0.002442535826306967
6.162966255132942,0.002388833535831517
6.2057288067765,0.0023378261425258708
6.248788072006894,0.002287421012434343
6.292146109610344,0.0022374259652047715
6.335804992658248,0.0021899080397221084
6.379766808606282,0.002142750827802685
6.4240336593941905,0.002095826660634531
6.4686076615463275,0.002052303431900616
6.513490946272802,0.002007394220131244
6.558685659571428,0.001964237549882174
6.604193962330306,0.0019222624093901254
6.650018030431118,0.0018807391645382138
6.696160054853222,0.0018403562945969278
6.742622241778342,0.0018008543790534433
6.789406812696106,0.0017620144483113283
6.836516004510239,0.0017256653701154256
6.883952069645496,0.0016874571747411693
6.931717276155408,0.0016512948797931459
6.9798139078306605,0.0016159240749388391
7.028244264308346,0.0015813223993067119
7.077010661181889,0.0015486616100748307
7.126115430111746,0.0015143673211115427
7.175560918936928,0.0014819790568116886
7.225349491787214,0.0014502968522177584
7.275483529196225,0.0014191932595943868
7.3259654282152304,0.0013900599077173842
7.376797602527731,0.0013593203670594356
7.427982482564918,0.0013303074407652671
7.479522515621821,0.0013019173945234552
7.531420165974368,0.0012741510502765063
7.583677914997191,0.0012471904028150682
7.636298261282241,0.0012193234264792352
7.689283720758313,0.0011943996175444224
7.742636826811269,0.0011681049745301264
7.796360130405229,0.00114487543286107
7.850456200204509,0.0011190964867672792
7.9049276226964205,0.0010962609522948696
7.959777002314985,0.0010722157276106706
8.015006961565405,0.0010491739218254686
8.070620141149499,0.0010274748068077276
8.126619200091946,0.0010048079120450423
8.18300681586739,0.0009853266738069943
8.23978568452852,0.0009633872054407313
8.296958520834906,0.0009429447428294102
8.354528058382863,0.0009229331617263692
8.412497049736118,0.0009033600945225484
8.470868266557403,0.0008842061185548866
8.529644499741025,0.0008654604115513886
8.58882855954625,0.0008471265568833486
8.648423275731718,0.0008291772940263176
8.708431497690723,0.000811619711281103
8.768856094587427,0.000793510918133733
8.829699955494092,0.0007785864848481693
8.890965989529159,0.0007601639610217642
8.952657125996401,0.0007461346787461302
9.014776314524918,0.0007282096768674393
9.077326525210223,0.0007150414985763592
9.140310748756232,0.00069881507548291
9.20373199661822,0.0006851559173905591
9.267593301146883,0.000668577802352216
9.33189771573324,0.0006563758531250713
9.39664831495469,0.0006408871582781195
9.461848194722002,0.0006280936714233507
9.52750047242729,0.0006148373453375932
9.593608287093147,0.0006018696574558932
9.660174799522645,0.0005891828728179227
9.727203192450537,0.0005767576398286109
9.794696670695396,0.0005645990798561619
9.86265846131282,0.0005527088279638423
9.9310918137498,0.0005410634828801331
10.0,0.0005296625042164049
